F,T,L
fade,tabor,lab
fading,tail,labyrinth
fail,tailing ,lachrymose
failing,take,lacking
failure,taking,laconic
faint,talisman,lair
faintest,taro,lake
faith,taunting ,lamb
faithful,taurus,lament
faithfulness,teach,lamentation
falcon,teacher,land
fall,teaching,landed
falling,teasel,lander
fang,technotopia,landing
far,tektite,landmark
farout,teleportation,languid
fasting,temperance,languish
fatal,temple,languishing
father,temples,languorous
fear,tendril,lapel
fearful,tendrils,larch
feel,tenebrae,large
feint,tension,laser
feline,terra,late
fell,terraforming,latte
fellowship,terrain,laudable
felt,terrestrial,laudation
feral,terrific,laughingly
fermentation,terrifying,laughter
fermenting,terrifyingly,lava
fermi,terror,lavender
fermions,tesseract,law
fern,tethys,lead
ferns,tetrarch,leading
ferret,that,leaf
fertilizer,the,leap
Feynman ,their,learn
ficus,them,learned
field,theophany,learning
fiendish,thick,leave
fiery,thistle,leaves
fiery,thorn,legacy
fighter,those,legendary
final,thought,legion
finding ,thriller,leisure
fir ,thrilling,leisurely
fireball,throne,lemongrass
firefly,thunderbolt,lemur
first,thundering,lend
flame,thunders,lens
flaming,thy,leopard
flamingo,tidal,lepers
flamingo,tides,lethal
flashlight,tie,leverage
flee,tiger,levitation
fleeing,time,lexicon
fleet,timeless,liar
flesh,timeless,liberation
flight,titans,liberty
float,tithes,libration
flora,tithing,lichen
flounder,to,lier
flowering,toad,lies
flowers,toad,life
fly,toadstool,lift
flyby,told,lifting
fog,tomb,light
follow,tombstone,lightening
folly,tombstone,lighthearted
footsteps,tongue,lighthouse
for,tongues,lilac
forbidden,took,lilies
force,torch,lilt
forcefield,torment,lilted
forceps,tornado ,limber
foreboding,torpedoes ,limbo
foresaw,torture,limelight
foresee,tortured,limit
foresight,toward,limitation
forest,towers,limitless
forgave,towers,lineament
forge,toxicity,lion
forged,tracking ,lissome
forget,tractor,lissomely
forging,trance,listen
forgive,transcend,listener
forgiveness,transcendence,lithe
forgotten,transcending,litho
formation,transfiguration,lithosphere
fornax,transhuman,livable
fossil,transmutation,lively
foul,traumatizing,lives
four,trembling,living
fourth,trepidation,lizzard
fox,trick,locomotion
foxglove,trickster,lofty
fractal,tries,logical
fractal,triton,loneliness
fractal,tropic ,long
freakish,tropical,longevity
freaks,try,longing
free,tulips,loop
freedom,tulsi,loquacious
freeze,tundra,lord
frenzied,tungsten,lore
frictionless,turkey,lost
frigate,twilight,lotus
fright,twisted,lovable
frightening,tying,love
frigid,,loving
frog,,low
from,,loyal
frost,,loyalty
froth,,lucid
frothing,,lucifer
frothy,,luck
frozen,,lucky
fruit ,,lull
fuel,,lullaby
fulgurite,,luminance
full,,luminent
fungi,,luminescence
fungus,,luminosity
fuse,,luminous
fusion ,,luna
future,,lunacy
futuristic,,lunar
fuzz,,lunatic
fuzzy,,lupine
,,luring
,,lurker
,,lurking
,,luscious
,,lush
,,lushness
,,luster
,,lustrous
,,luxurious
,,lying
,,lyrical